{"nodes":null,"selection":null,"view":{"scroll":{"x":-624.42523193359375,"y":-104.291397094726562},"visible_rect":{"max":{"x":10225.748046875,"y":5797.0859375},"min":{"x":-6244.25244140625,"y":-1042.9139404296875}},"zoom":0.100000001490116119}}