{"nodes":null,"selection":null,"view":{"scroll":{"x":-346.3626708984375,"y":-564.129638671875},"visible_rect":{"max":{"x":542.18310546875,"y":-213.506195068359375},"min":{"x":-461.81689453125,"y":-752.1728515625}},"zoom":0.75}}