{"nodes":null,"selection":null,"view":{"scroll":{"x":-528.3114013671875,"y":-1677.5220947265625},"visible_rect":{"max":{"x":1194.5965576171875,"y":-1084.4296875},"min":{"x":-564.15966796875,"y":-1791.349365234375}},"zoom":0.936457276344299316}}